age,area,district,floor,location,mode,price
2018,39,房山,共5层,长阳半岛中央城,2室1厅1卫,26923
2007,302,东城,中层(共11层),NAGA上院,3室2厅3卫,89246
2018,48,顺义,低层(共13层),金地未未来,2室1厅1卫,28750
2009,686,海淀,共3层,香山清琴,6室5厅5卫,120938
2005,111,朝阳,中层(共6层),卡布其诺,3室2厅2卫,68100
2005,143,海淀,高层(共21层),远中悦莱国际酒店公寓,3室2厅2卫,83846
2006,416,昌平,共3层,保利垄上,4室3厅2卫,39663
2010,69,朝阳,中层(共28层),首城国际中心,2室1厅1卫,85507
2003,74,东城,高层(共15层),朝阳门小街小区,2室1厅1卫,89405
2010,72,密云,低层(共6层),亚澜湾,1室1厅1卫,23611
2015,371,朝阳,高层(共10层),泛海世家,4室2厅5卫,161698
2005,133,朝阳,高层(共36层),新城国际,2室2厅2卫,110994
2000,83,海淀,中层(共6层),永泰东里,3室1厅1卫,68788
1950,66,西城,共4层,儒福里小区,2室1厅1卫,85418
2004,153,海淀,高层(共11层),玫瑰御园,3室2厅2卫,112418
2003,71,东城,低层(共6层),仓南胡同小区,2室1厅1卫,131390
2001,82,海淀,高层(共6层),玉海园二里,2室1厅1卫,71254
1998,99,海淀,中层(共20层),阳光北里,3室1厅1卫,63755
2012,130,朝阳,中层(共31层),东湖湾(东区),2室2厅2卫,113540
2010,406,顺义,共3层,纳帕尔湾,5室3厅6卫,30418
2010,37,朝阳,低层(共13层),卡夫卡公社,1室1厅1卫,50000
2012,246,北京周边,共3层,潮白河孔雀城伯顿庄园(别墅),5室2厅3卫,21544
1984,63,西城,中层(共6层),黄寺大街24号院,2室1厅1卫,125000
1986,53,西城,低层(共6层),广外南街50号院,2室1厅1卫,95864
2016,42,房山,共5层,长阳半岛中央城,2室2厅2卫,26666
2004,89,朝阳,中层(共22层),富力又一城B区,3室2厅2卫,66292
1988,56,朝阳,高层(共6层),惠新里,2室1厅1卫,75341
2016,43,门头沟,中层(共19层),远洋新天地,2室1厅1卫,44186
2000,168,海淀,共4层,玲珑花园,4室2厅2卫,100000
2000,58,密云,低层(共6层),宾阳里小区,2室1厅1卫,27241
2000,108,朝阳,中层(共32层),天居园,2室1厅2卫,65277
2000,158,朝阳,高层(共12层),华辉苑,3室2厅2卫,48010
2003,95,顺义,高层(共6层),仓上小区(五里仓社区),2室1厅1卫,36862
2002,153,朝阳,中层(共25层),欧陆经典万兴苑,3室2厅2卫,88235
2013,156,朝阳,中层(共18层),上林世家,3室2厅2卫,112179
2002,153,朝阳,中层(共25层),欧陆经典万兴苑,3室2厅2卫,88235
2012,159,朝阳,低层(共25层),太阳公元,3室2厅2卫,147735
2005,111,朝阳,中层(共28层),百环家园,2室1厅1卫,55480
2016,65,北京周边,中层(共18层),燕达首尔国际村,2室2厅1卫,15384
2012,56,大兴,中层(共12层),蓝桥驿苑,1室1厅1卫,36250
1998,58,海淀,低层(共6层),科源社区,2室1厅1卫,130360
2006,272,朝阳,高层(共15层),朗园(星河湾),3室3厅1卫,86213
2008,86,北京周边,高层(共18层),大运河孔雀城,3室2厅2卫,15116
2000,133,朝阳,中层(共25层),阳光广场,2室2厅2卫,45864
2012,407,昌平,地下(共3层),温哥华森林,5室3厅4卫,49140
2016,86,北京周边,中层(共28层),巨富九璟湾,2室2厅1卫,14418
2017,480,顺义,共3层,优山美地D区,4室2厅4卫,62500
2012,298,昌平,共3层,中海尚湖世家,4室2厅4卫,48657
2013,82,昌平,低层(共20层),珠江摩尔公元,2室1厅2卫,36951
2017,71,北京周边,高层(共25层),白鹭岛,2室1厅1卫,11690
2005,64,朝阳,中层(共15层),茉藜园,1室1厅1卫,57116
2000,53,密云,共5层,檀城家园,1室2厅1卫,29433
2002,139,朝阳,低层(共31层),天创世缘,3室2厅2卫,64748
2000,164,昌平,共2层,王府花园,4室2厅4卫,38414
2018,78,北京周边,高层(共21层),花语城,2室2厅1卫,10256
1999,64,顺义,中层(共6层),裕祥花园,1室1厅1卫,46875
2014,93,北京周边,高层(共27层),白鹭岛,3室2厅1卫,11827
2000,1054,顺义,共3层,丽宫别墅,5室3厅6卫,84285
2000,367,朝阳,高层(共10层),泛海世家,4室2厅5卫,163460
1992,54,石景山,低层(共18层),永乐小区,2室1厅1卫,54920
2002,87,房山,高层(共6层),营房小区,2室1厅1卫,24712
2005,131,房山,高层(共11层),北潞华家园,3室2厅2卫,30534
2012,92,大兴,高层(共20层),新里西斯莱公馆,3室1厅1卫,59440
1988,53,丰台,高层(共6层),蒲安里小区,2室1厅1卫,64192
1985,42,朝阳,高层(共16层),新源里小区,1室1厅1卫,77756
2000,202,朝阳,高层(共27层),万豪国际公寓,3室2厅2卫,81683
2013,166,北京周边,共3层,八达岭孔雀城(别墅),3室2厅3卫,15814
2005,134,朝阳,高层(共13层),远洋天地,3室2厅2卫,74255
2015,93,昌平,低层(共10层),紫金新干线二区,2室1厅1卫,49732
2004,247,海淀,高层(共17层),康桥水郡,5室2厅3卫,128313
2006,94,通州,高层(共10层),新城阳光,2室1厅1卫,45934
2013,370,朝阳,共4层,龙湖双珑原著,4室2厅4卫,64864
2005,398,顺义,共4层,万通天竺新新家园,5室3厅4卫,50201
2010,234,朝阳,高层(共25层),华瀚国际,4室2厅3卫,84615
2016,175,门头沟,中层(共6层),华润润西山(别墅),4室2厅3卫,50285
2012,115,昌平,高层(共15层),珠江摩尔公元,4室1厅2卫,38695
2009,70,朝阳,低层(共21层),弘善家园,2室1厅1卫,40000
2004,65,东城,中层(共13层),幸福家园(二期),2室1厅1卫,107126
1991,47,西城,中层(共6层),槐柏树街北里,1室1厅1卫,89958
2015,228,海淀,中层(共10层),万科如园,3室3厅2卫,83333
2008,94,顺义,低层(共18层),裕龙花园三区,2室1厅1卫,42417
2011,380,海淀,低层(共26层),唐宁ONE,4室3厅4卫,118394
2003,89,房山,中层(共6层),沁馥家园,2室1厅1卫,20374
2016,88,北京周边,中层(共11层),潮白河孔雀城紫藤园,2室2厅1卫,14886
2014,74,北京周边,低层(共28层),潮白河孔雀城紫藤园,2室2厅1卫,14729
1999,107,东城,中层(共6层),东花市北里中区,3室2厅2卫,94953
2006,55,朝阳,高层(共25层),金蝉南里,1室1厅1卫,57272
2006,126,密云,低层(共6层),保利花园(南区),3室2厅2卫,24603
2003,76,顺义,中层(共6层),前进花园一区,2室1厅1卫,36245
2006,92,顺义,中层(共6层),西辛北区,3室1厅1卫,37796
1999,125,朝阳,高层(共7层),慧忠北里,4室2厅2卫,50219
2010,190,朝阳,共4层,青青家园,4室3厅3卫,44736
1996,88,延庆,中层(共6层),双路小区,3室2厅1卫,20454
2006,91,丰台,低层(共22层),三环新城7号院,2室1厅1卫,57142
2012,176,海淀,中层(共25层),橡树湾三期,3室2厅2卫,90909
2003,114,昌平,高层(共23层),新新公寓,2室1厅2卫,41140
2011,313,顺义,地下(共3层),中粮祥云,6室3厅6卫,67092
2017,110,通州,中层(共27层),合景中心,3室2厅1卫,65000
2007,39,西城,高层(共16层),荣丰2008,2室1厅2卫,148717
2004,125,东城,低层(共12层),新裕家园,3室1厅2卫,106772
1983,56,房山,共5层,迎风一里,2室1厅1卫,18750
2012,85,昌平,中层(共28层),金隅观澜时代,2室1厅1卫,42352
2004,64,朝阳,低层(共11层),柏林爱乐(一期),1室1厅1卫,57320
2010,66,朝阳,中层(共22层),首城国际中心,1室1厅1卫,89901
2006,89,顺义,中层(共6层),顺鑫澜庭,2室1厅1卫,29213
2013,64,海淀,中层(共28层),八家嘉苑,1室2厅1卫,57812
1995,65,海淀,中层(共6层),小南庄,2室1厅1卫,87985
2008,95,密云,中层(共15层),柏林山水,2室2厅1卫,23157
2014,96,大兴,高层(共8层),北京城建海梓府,3室3厅2卫,55208
1998,101,平谷,高层(共6层),承平园,3室1厅1卫,21782
2004,108,朝阳,低层(共12层),万象新天家园,2室1厅1卫,57053
2004,340,昌平,共4层,威尼斯花园,4室2厅3卫,35941
2006,107,朝阳,中层(共10层),优点社区,3室1厅1卫,52078
2007,99,海淀,低层(共22层),清景园,2室1厅1卫,62236
2015,92,北京周边,中层(共29层),乾城华府,3室2厅1卫,14456
2008,134,朝阳,高层(共25层),苹果社区(北区),2室1厅1卫,59701
2003,80,西城,低层(共18层),清芷园,2室1厅1卫,106969
2003,141,海淀,低层(共13层),碧水云天颐园(东区),3室2厅2卫,137585
2008,378,朝阳,高层(共11层),九号公寓,4室2厅2卫,71349
2013,85,房山,低层(共15层),北京城建琨廷,2室2厅1卫,27771
2005,93,丰台,高层(共28层),丰体时代,2室1厅1卫,51474
2009,836,昌平,地下(共2层),东方普罗旺斯(北京壹号庄园),6室3厅4卫,50239
2000,1424,朝阳,共2层,财富公馆,5室3厅4卫,56138
2011,85,昌平,低层(共28层),金隅万科城,2室1厅1卫,40000
1992,63,房山,高层(共6层),万宁小区,2室1厅1卫,24490
2000,93,密云,共5层,赏云轩嘉园,2室2厅1卫,27879
2000,1054,顺义,共3层,丽宫别墅,5室3厅6卫,71113
2015,56,朝阳,高层(共28层),周庄嘉园7号院,1室1厅1卫,41964
2002,147,西城,中层(共19层),阳光丽景,4室1厅2卫,158680
2003,116,东城,高层(共30层),万国城MOMA,2室2厅2卫,120689
2015,51,北京周边,高层(共26层),燕达首尔国际村,1室1厅1卫,13333
2013,292,东城,高层(共6层),励骏华庭,4室2厅5卫,126047
2013,119,门头沟,中层(共24层),梧桐苑知秋园,3室2厅2卫,46288
1999,123,西城,中层(共25层),富明公寓,3室1厅2卫,88852
2001,74,西城,中层(共12层),丰汇园小区,3室1厅1卫,190000
2011,238,海淀,中层(共6层),西山壹号院南区,3室3厅2卫,111302
2002,186,朝阳,中层(共11层),和乔丽晶,3室2厅2卫,76344
2015,88,北京周边,中层(共28层),福泰花园(西区),3室2厅1卫,14772
2017,78,北京周边,高层(共24层),荣盛阿尔卡迪亚霸州温泉城,2室2厅1卫,8846
2005,324,朝阳,共3层,长岛澜桥,4室3厅5卫,70987
1996,59,丰台,高层(共14层),芳群园三区,2室1厅1卫,66387
2007,190,昌平,共3层,汤HOUSE,4室2厅3卫,29473
2004,110,海淀,低层(共24层),博望园,3室1厅1卫,84942
2014,105,大兴,中层(共26层),珺悦国际,2室1厅2卫,23809
2000,72,石景山,高层(共7层),八角北路11号院,2室1厅1卫,56388
2015,101,大兴,低层(共12层),华润公元九里,2室1厅1卫,60396
1996,88,延庆,中层(共6层),双路小区,3室2厅1卫,20454
2008,69,西城,中层(共19层),第三区,2室1厅1卫,52677
2006,91,丰台,低层(共22层),三环新城7号院,2室1厅1卫,57142
2003,114,昌平,高层(共23层),新新公寓,2室1厅2卫,41140
1990,58,房山,高层(共6层),金水家园,2室1厅1卫,18103
1983,56,房山,共5层,迎风一里,2室1厅1卫,18750
2012,176,海淀,中层(共25层),橡树湾三期,3室2厅2卫,90909
2017,110,通州,中层(共27层),合景中心,3室2厅1卫,65000
2011,313,顺义,地下(共3层),中粮祥云,6室3厅6卫,67092
2012,85,昌平,中层(共28层),金隅观澜时代,2室1厅1卫,42352
2004,125,东城,低层(共12层),新裕家园,3室1厅2卫,106772
2007,39,西城,高层(共16层),荣丰2008,2室1厅2卫,148717
2010,66,朝阳,中层(共22层),首城国际中心,1室1厅1卫,89901
2017,80,北京周边,中层(共25层),潮白河孔雀城紫藤园,2室1厅1卫,14000
2014,96,大兴,高层(共8层),北京城建海梓府,3室3厅2卫,55208
2013,64,海淀,中层(共28层),八家嘉苑,1室2厅1卫,57812
2004,340,昌平,共4层,威尼斯花园,4室2厅3卫,35941
2006,89,顺义,中层(共6层),顺鑫澜庭,2室1厅1卫,29213
2006,116,顺义,共1层,裕龙花园一区,3室1厅1卫,40517
1995,65,海淀,中层(共6层),小南庄,2室1厅1卫,87985
2004,64,朝阳,低层(共11层),柏林爱乐(一期),1室1厅1卫,57320
2015,81,北京周边,中层(共23层),丽水康城,2室2厅1卫,7901
2015,81,北京周边,中层(共23层),丽水康城,2室2厅1卫,7901
2004,189,朝阳,中层(共25层),万豪国际公寓,3室2厅2卫,68783
2013,176,通州,中层(共26层),华业东方玫瑰,3室2厅2卫,50568
2008,95,密云,中层(共15层),柏林山水,2室2厅1卫,23157
1996,92,丰台,高层(共29层),芳城园一区,2室1厅1卫,60883
1992,51,顺义,共5层,胜利小区,2室1厅1卫,44220
2005,154,海淀,低层(共9层),百旺茉莉园(一期),3室2厅2卫,87192
2010,92,房山,低层(共10层),原香小镇(一区),3室1厅1卫,39926
2015,185,丰台,中层(共6层),领秀翡翠山,4室2厅2卫,44324
2005,214,海淀,中层(共15层),西屋国际公寓,3室2厅2卫,63084
2005,58,通州,低层(共18层),泉蔷佳苑,1室1厅1卫,47946
2005,82,房山,中层(共15层),嘉瑞通小区,2室1厅1卫,33216
1992,92,昌平,高层(共6层),水关新村,2室2厅1卫,34782
2006,241,密云,地下(共4层),鸿福天地,4室3厅4卫,24896
1982,53,朝阳,低层(共6层),和平里七区,2室1厅1卫,102688
2006,283,朝阳,低层(共9层),阳光上东,4室1厅4卫,75885
2010,1100,顺义,共1层,丽宫别墅,6室5厅5卫,65454
2005,92,石景山,中层(共18层),西引力,2室1厅1卫,52932
2000,69,西城,低层(共10层),三里河一区2号院,2室0厅0卫,139914
2013,55,昌平,中层(共15层),龙山华府,1室1厅1卫,46000
1992,58,朝阳,中层(共12层),秀水园小区,2室1厅1卫,71440
2014,382,顺义,共4层,誉天下,4室1厅4卫,36623
2012,93,大兴,中层(共6层),首地浣溪谷,3室1厅1卫,35245
1982,63,昌平,高层(共6层),商业街工商局宿舍,2室1厅1卫,37676
2000,157,朝阳,高层(共22层),盛世嘉园,3室2厅1卫,71070
1997,71,大兴,低层(共6层),清和园,2室1厅1卫,42615
2000,91,密云,中层(共6层),果园西里小区,2室2厅1卫,24175
2016,83,北京周边,高层(共24层),桃源新都孔雀城,2室1厅1卫,9638
2005,72,密云,低层(共6层),康居南区,2室1厅1卫,23333
1996,92,东城,低层(共6层),仓南胡同14号院,3室1厅1卫,108342
2006,354,海淀,中层(共9层),万城华府龙园,5室3厅4卫,223163
1995,86,昌平,低层(共6层),燕城苑北区,2室2厅1卫,38372
2005,94,朝阳,低层(共25层),苹果社区(南区),2室1厅1卫,79609
2015,84,大兴,中层(共28层),保利春天里,2室1厅1卫,41666
2017,125,北京周边,共2层,阳光城,3室2厅2卫,21600
2006,380,顺义,共3层,龙湾别墅,5室3厅3卫,63131
1998,98,朝阳,高层(共22层),世纪村(三区),2室2厅1卫,60642
2003,125,昌平,共3层,龙脉温泉花园,3室2厅2卫,26160
2010,45,北京周边,高层(共12层),星河185,2室1厅2卫,32222
2012,57,昌平,中层(共16层),三合庄园,2室2厅1卫,42982
1996,58,大兴,高层(共6层),富强西里,2室1厅1卫,41180
2005,360,海淀,共5层,万城华府玺园,4室2厅3卫,163555
2018,45,北京周边,中层(共23层),首尔甜城,2室1厅1卫,15555
2000,90,朝阳,低层(共27层),金隅丽景园,3室1厅1卫,44101
2013,85,北京周边,中层(共28层),潮白河孔雀城紫藤园,2室2厅1卫,17058
2012,205,北京周边,地下(共3层),世茂萨拉曼卡(别墅),5室3厅4卫,22439
2010,70,朝阳,高层(共22层),金隅丽景园,2室1厅1卫,39285
2000,89,朝阳,中层(共26层),望京西园四区,2室1厅1卫,66292
1986,61,房山,中层(共6层),迎风四里,2室1厅1卫,19672
2008,233,朝阳,高层(共60层),御金台,3室2厅3卫,137160
2017,138,北京周边,中层(共28层),九锦御府,4室2厅2卫,13405
2014,70,西城,中层(共19层),锦上国际公寓,1室1厅1卫,80034
1985,37,海淀,低层(共6层),首体家属院,1室1厅1卫,108108
2000,185,东城,低层(共18层),上龙西里社区,3室2厅2卫,94288
2015,128,北京周边,共4层,路劲国际城,4室2厅2卫,21875
1988,69,西城,中层(共6层),小红庙,3室1厅1卫,92753
2014,78,北京周边,中层(共30层),富力新城,2室2厅1卫,14102
2011,412,海淀,共3层,御园,4室3厅5卫,92233
1986,56,延庆,共5层,川北小区,2室1厅1卫,30864
2004,157,大兴,高层(共8层),金地格林小镇(大兴区别墅),3室2厅2卫,58618
2004,178,顺义,共5层,水木兰亭花园,3室2厅3卫,56170
1985,46,房山,共5层,东风北里,1室1厅1卫,21304
2003,59,东城,高层(共17层),新景家园东区,1室1厅1卫,94610
2016,50,北京周边,低层(共18层),八达岭孔雀城(公寓),2室2厅1卫,10000
2017,314,海淀,中层(共10层),万科如园,5室2厅4卫,95236
1996,109,东城,中层(共7层),东花市北里东区,3室1厅1卫,97958
2015,86,北京周边,高层(共33层),首尔甜城,2室2厅1卫,23255
2002,72,丰台,高层(共6层),石榴园南里小区,3室1厅1卫,50337
2015,326,密云,共3层,阳光城君山墅,4室2厅4卫,18404
1994,53,西城,低层(共6层),京畿道小区,2室1厅1卫,154135
2006,176,朝阳,低层(共19层),福景苑,2室2厅2卫,69886
2007,65,丰台,中层(共18层),三环新城8号院,1室1厅1卫,56722
2013,160,平谷,共3层,世外桃苑二期,3室1厅2卫,12812
2010,63,昌平,高层(共18层),北街家园六区,2室1厅1卫,47686
2000,112,朝阳,低层(共23层),天鹅湾南区,2室2厅2卫,80128
2016,95,房山,低层(共16层),万科长阳天地,3室2厅1卫,51052
2010,337,昌平,共2层,珠江壹千栋,4室3厅4卫,47477
2010,139,密云,高层(共15层),行宫御东园,3室2厅2卫,27338
2016,131,北京周边,低层(共32层),海韵星城,1室0厅1卫,7251
2011,82,昌平,高层(共11层),领秀慧谷A区(三区),2室1厅2卫,48780
1995,74,海淀,高层(共16层),海淀南路小区,3室1厅1卫,90909
2017,55,朝阳,低层(共28层),鸿博家园二期C区,1室1厅1卫,29090
2017,72,北京周边,中层(共28层),绿地国宝21城,2室2厅1卫,11944
2018,80,通州,中层(共19层),台湖银河湾,3室1厅1卫,65000
1980,56,西城,共5层,白广路6号院,3室1厅1卫,93855
2004,81,海淀,中层(共18层),安宁里(南区),2室2厅1卫,55555
2001,45,海淀,高层(共6层),新街口外大街31号院,2室1厅1卫,83885
2013,95,昌平,高层(共14层),花雨汀,4室2厅2卫,45263
2006,46,通州,中层(共7层),欣桥家园,1室1厅1卫,21739
2017,37,房山,共5层,长阳半岛中央城,2室1厅1卫,27027
2005,87,昌平,中层(共6层),拓然家苑,2室1厅1卫,35632
2010,45,北京周边,高层(共12层),星河185,2室1厅2卫,32222
2014,203,顺义,低层(共14层),万通天竺新新家园,4室2厅2卫,64039
2016,107,北京周边,中层(共23层),福泰花园(西区),3室1厅1卫,14205
2000,136,西城,低层(共29层),西华经典,3室2厅2卫,109994
2000,894,顺义,共4层,丽宫别墅,6室6厅7卫,76051
1998,159,顺义,高层(共7层),天竺花园天祥园,4室2厅2卫,33333
2008,51,朝阳,高层(共32层),天畅园,1室1厅1卫,73529
2005,133,朝阳,中层(共32层),融科橄榄城(一期),3室2厅2卫,101503
2005,94,朝阳,低层(共25层),苹果社区(南区),2室1厅1卫,79609
1998,113,海淀,高层(共22层),紫金庄园,3室1厅1卫,87017
2015,84,大兴,中层(共28层),保利春天里,2室1厅1卫,41666
2016,83,北京周边,高层(共24层),桃源新都孔雀城,2室1厅1卫,9638
2007,314,顺义,共5层,水青庭,4室3厅4卫,40764
2000,83,密云,中层(共6层),京溪小区,2室1厅1卫,15060
2016,85,北京周边,低层(共27层),福泰花园(西区),2室2厅1卫,14117
2004,340,朝阳,共2层,大湖山庄,5室3厅5卫,77647
2017,20,昌平,低层(共6层),顺玮阁小区,1室1厅1卫,25000
2012,374,海淀,低层(共7层),西山壹号院北区,4室2厅4卫,104057
2017,115,丰台,中层(共15层),公园懿府,3室2厅2卫,69478
2010,91,昌平,高层(共9层),随园,2室2厅2卫,39010
2008,88,朝阳,中层(共18层),富力又一城B区,2室1厅1卫,50864
2006,130,房山,中层(共6层),碧波园,3室2厅2卫,29230
2008,108,密云,高层(共6层),彩虹园小区,2室2厅1卫,21759
2016,115,丰台,低层(共17层),公园懿府,3室2厅2卫,68608
1996,73,石景山,低层(共18层),海特花园,2室1厅1卫,47541
1986,53,门头沟,共5层,大峪南路小区,2室1厅1卫,36911
2018,45,北京周边,中层(共23层),首尔甜城,2室1厅1卫,15555
2011,77,通州,中层(共22层),东亚瑞晶苑,2室1厅1卫,30479
2003,128,朝阳,高层(共11层),澳景花庭,3室2厅2卫,80481
2012,86,朝阳,中层(共28层),筑华年,2室1厅1卫,73145
2004,124,东城,中层(共14层),幸福家园(二期),3室2厅2卫,108870
2010,310,朝阳,低层(共21层),泛海国际兰海园,4室2厅3卫,109677
2000,139,海淀,高层(共25层),北京科技会展中心公寓,3室1厅1卫,50359
2003,57,朝阳,高层(共28层),百环家园,1室1厅1卫,59130
2016,14,东城,共1层,方家胡同小区,1室1厅1卫,128571
2015,118,朝阳,低层(共25层),林奥嘉园,2室1厅2卫,50000
2003,93,海淀,高层(共9层),玉渊潭南路9号院,2室2厅1卫,128068
2002,85,昌平,高层(共33层),天通苑西三区,2室1厅1卫,41928
2007,142,朝阳,中层(共27层),国美第一城2号院,3室2厅2卫,63091
2003,123,昌平,中层(共6层),王府温馨公寓,3室2厅2卫,32902
2015,128,北京周边,共4层,路劲国际城,4室2厅2卫,21875
2010,132,房山,高层(共6层),世界名园(B区),3室2厅2卫,19998
2009,89,顺义,高层(共10层),港馨家园西区,2室2厅1卫,38764
1990,90,朝阳,低层(共23层),住欣家园(东区),3室1厅1卫,40852
2010,222,海淀,中层(共7层),北辰香麓观麓园,4室2厅3卫,56311
2012,200,海淀,中层(共6层),西山壹号院北区,3室2厅2卫,109000
2004,88,石景山,中层(共6层),翠谷玉景苑,2室1厅2卫,56704
2010,112,密云,低层(共6层),檀城北区,3室2厅2卫,26785
2001,110,朝阳,高层(共25层),绣菊园南区,3室1厅1卫,47877
2010,63,北京周边,低层(共26层),潮白人家,1室1厅1卫,26148
2006,118,朝阳,高层(共27层),世茂奥临花园,2室1厅2卫,84745
2008,146,密云,中层(共21层),密东广场,3室2厅2卫,27397
2005,158,大兴,共3层,秀水花园,3室2厅3卫,50489
2010,343,朝阳,共4层,中海安德鲁斯庄园东区,4室3厅4卫,61224
2013,73,密云,高层(共11层),北京城建上河湾(北区),2室1厅1卫,25342
2004,97,西城,高层(共29层),朗琴园,2室1厅1卫,101030
2011,87,北京周边,中层(共6层),京津花园,2室2厅1卫,10919
2013,85,北京周边,中层(共27层),潮白河孔雀城英国宫香醍园东区,2室2厅1卫,16470
2007,214,朝阳,低层(共18层),融科橄榄城(二期),4室2厅4卫,93127
2003,446,顺义,共3层,丽高花园,4室3厅4卫,56053
1988,57,海淀,低层(共6层),永定路西里小区,2室1厅1卫,103806
1999,101,石景山,低层(共6层),七星园,3室2厅1卫,52114
2006,90,朝阳,低层(共27层),北京新天地(东区),2室1厅1卫,53888
2014,77,通州,低层(共16层),首开国风美仑,2室2厅1卫,34415
1981,64,石景山,高层(共6层),永乐小区,2室1厅1卫,52148
2013,115,北京周边,高层(共24层),潮白河孔雀城英国宫(一期),3室2厅1卫,15652
2007,202,昌平,共5层,北京洋房,4室2厅3卫,51237
2000,121,大兴,中层(共8层),听涛雅苑,3室2厅2卫,47925
2013,281,朝阳,低层(共21层),富力十号,4室2厅4卫,145710
2004,189,朝阳,中层(共25层),万豪国际公寓,3室2厅2卫,68783
2015,95,昌平,高层(共18层),羊各庄新村,3室1厅1卫,20000
2004,136,大兴,低层(共6层),育龙家园,3室2厅2卫,58088
1999,108,西城,高层(共16层),康乐里小区,2室1厅1卫,109933
2000,96,大兴,低层(共18层),新康家园,2室1厅1卫,50750
2001,81,大兴,高层(共6层),美然绿色家园,2室1厅1卫,45061
2004,97,顺义,高层(共6层),空港米兰花园,2室1厅1卫,44147
2018,45,北京周边,中层(共23层),首尔甜城,2室1厅1卫,15555
2000,211,东城,中层(共15层),宝润苑,3室2厅3卫,66350
1999,100,海淀,低层(共18层),北三环中路43号院,3室2厅1卫,99730
2010,81,北京周边,高层(共18层),星河皓月,2室1厅1卫,21234
1998,71,怀柔,高层(共6层),杨家园,3室1厅1卫,32394
2003,125,昌平,共3层,龙脉温泉花园,3室2厅2卫,26160
2011,81,房山,低层(共20层),中国铁建长阳国际城,2室1厅1卫,37283
2015,159,丰台,低层(共6层),山语城,4室2厅2卫,41509
2000,81,朝阳,高层(共6层),安慧北里逸园,3室1厅1卫,67567
2012,75,房山,低层(共18层),首创新悦都,2室1厅1卫,40848
2000,81,丰台,低层(共24层),西罗园一区,3室1厅1卫,55983
1974,51,西城,共5层,平原里小区,2室1厅1卫,101880
2005,58,东城,高层(共10层),新景家园东区,1室1厅1卫,95689
2013,55,昌平,中层(共15层),龙山华府,1室1厅1卫,46000
2008,132,朝阳,高层(共10层),爱这城二期,3室2厅2卫,81818
2008,416,密云,共2层,君山别墅,5室2厅3卫,43269
1998,82,房山,低层(共6层),燕化星城健德三里,2室1厅1卫,27804
2012,1926,朝阳,地下(共4层),远洋LAVIE,6室3厅6卫,128764
2014,382,顺义,共4层,誉天下,4室1厅4卫,36623
2000,157,朝阳,高层(共22层),盛世嘉园,3室2厅1卫,71070
2014,90,丰台,高层(共11层),园博嘉园(东区),2室2厅1卫,48888
1992,58,朝阳,中层(共12层),秀水园小区,2室1厅1卫,71440
2000,69,西城,低层(共10层),三里河一区2号院,2室0厅0卫,139914
2000,91,密云,中层(共6层),果园西里小区,2室2厅1卫,24175
1982,63,昌平,高层(共6层),商业街工商局宿舍,2室1厅1卫,37676
1997,71,大兴,低层(共6层),清和园,2室1厅1卫,42615
2012,93,大兴,中层(共6层),首地浣溪谷,3室1厅1卫,35245
2005,72,密云,低层(共6层),康居南区,2室1厅1卫,23333
2006,380,顺义,共3层,龙湾别墅,5室3厅3卫,63131
2005,92,石景山,中层(共18层),西引力,2室1厅1卫,52932
2006,105,朝阳,高层(共6层),朝新嘉园东里二区,2室1厅1卫,44013
2008,524,朝阳,共3层,复地首府,4室2厅4卫,92441
1999,140,朝阳,高层(共28层),望京明苑,3室1厅2卫,57151
1995,86,昌平,低层(共6层),燕城苑北区,2室2厅1卫,38372
1996,92,东城,低层(共6层),仓南胡同14号院,3室1厅1卫,108342
2007,94,通州,高层(共10层),新城阳光,2室1厅1卫,46990
2016,83,北京周边,高层(共24层),桃源新都孔雀城,2室1厅1卫,9638
1998,98,朝阳,高层(共22层),世纪村(三区),2室2厅1卫,60642
1996,58,大兴,高层(共6层),富强西里,2室1厅1卫,41180
2005,94,朝阳,低层(共25层),苹果社区(南区),2室1厅1卫,79609
2006,354,海淀,中层(共9层),万城华府龙园,5室3厅4卫,223163
2015,84,大兴,中层(共28层),保利春天里,2室1厅1卫,41666
2008,161,朝阳,中层(共26层),上京新航线,3室2厅2卫,89705
2017,169,平谷,共3层,平谷山水放歌别墅,3室2厅3卫,9467
2012,57,昌平,中层(共16层),三合庄园,2室2厅1卫,42982
2010,45,北京周边,高层(共12层),星河185,2室1厅2卫,32222
2017,125,北京周边,共2层,阳光城,3室2厅2卫,21600
2000,90,朝阳,低层(共27层),金隅丽景园,3室1厅1卫,44101
2005,360,海淀,共5层,万城华府玺园,4室2厅3卫,163555
2010,70,朝阳,高层(共22层),金隅丽景园,2室1厅1卫,39285
2013,85,北京周边,中层(共28层),潮白河孔雀城紫藤园,2室2厅1卫,17058
2008,233,朝阳,高层(共60层),御金台,3室2厅3卫,137160
2000,89,朝阳,中层(共26层),望京西园四区,2室1厅1卫,66292
2012,205,北京周边,地下(共3层),世茂萨拉曼卡(别墅),5室3厅4卫,22439
2009,131,朝阳,中层(共16层),润枫水尚(东区),2室2厅2卫,83969
2013,275,朝阳,高层(共20层),阳光上东,4室2厅3卫,68900
2014,70,西城,中层(共19层),锦上国际公寓,1室1厅1卫,80034
2016,95,房山,低层(共16层),万科长阳天地,3室2厅1卫,51052
2000,45,密云,高层(共12层),海怡庄园(西区),1室1厅1卫,26666
2013,160,平谷,共3层,世外桃苑二期,3室1厅2卫,12812
2015,326,密云,共3层,阳光城君山墅,4室2厅4卫,18404
2003,87,西城,中层(共27层),远见名苑(一期),2室2厅1卫,95402
1994,53,西城,低层(共6层),京畿道小区,2室1厅1卫,154135
2010,234,朝阳,高层(共25层),华瀚国际,4室2厅3卫,84615
2013,370,朝阳,共4层,龙湖双珑原著,4室2厅4卫,64864
2001,202,昌平,低层(共6层),北京洋房,4室2厅3卫,46934
1997,65,海淀,中层(共6层),竹园小区,2室2厅1卫,68597
2009,70,朝阳,低层(共21层),弘善家园,2室1厅1卫,40000
1996,86,丰台,低层(共18层),芳古园一区,3室1厅1卫,64906
2004,43,西城,低层(共17层),朗琴园,1室1厅1卫,91935
2005,280,朝阳,共2层,观唐,4室3厅5卫,132107
2005,96,海淀,高层(共25层),今典花园,2室1厅1卫,98191
2005,155,海淀,中层(共14层),逸成东苑,3室2厅2卫,100000
2005,260,朝阳,高层(共7层),滨河花园,3室2厅3卫,105730
2001,49,丰台,中层(共9层),石榴园南里小区,1室1厅1卫,51020
2016,80,房山,低层(共18层),万科长阳天地,2室2厅1卫,51000
2017,60,房山,共5层,长阳半岛中央城,3室2厅2卫,27000
2018,50,房山,低层(共12层),首开熙悦汇,2室1厅1卫,29000
2017,456,顺义,共5层,新世界丽樽,6室3厅5卫,38662
2006,164,海淀,低层(共6层),润千秋佳苑,4室2厅2卫,84146
2004,141,海淀,低层(共13层),碧水云天颐园(东区),3室2厅2卫,137585
2005,107,朝阳,中层(共36层),阳光100国际公寓,2室2厅2卫,82242
2000,61,密云,低层(共6层),京溪小区,2室1厅1卫,21311
2003,93,海淀,中层(共29层),永泰园西区,2室2厅1卫,55478
2016,89,北京周边,中层(共28层),潮白河孔雀城榕枫园,2室2厅1卫,15730
1993,62,丰台,高层(共6层),马家堡路33号院,2室1厅1卫,55891
2001,404,朝阳,共3层,紫玉山庄,4室3厅6卫,148514
2003,308,昌平,共1层,流星花园一区,4室2厅4卫,51162
2009,300,朝阳,中层(共18层),融科橄榄城(三期),4室3厅3卫,93933
2010,231,朝阳,高层(共21层),泛海国际兰海园,3室2厅3卫,134199
2013,121,昌平,中层(共28层),金隅万科城,3室2厅2卫,45454
2014,86,北京周边,中层(共28层),巨富九璟湾,3室2厅1卫,13953
2006,116,房山,中层(共6层),水墨林溪,3室2厅1卫,20689
2003,295,海淀,共2层,西山美墅馆,4室2厅2卫,108440
2003,86,东城,低层(共18层),幸福家园(一期),2室2厅1卫,101887
2010,243,朝阳,中层(共24层),四季世家,3室2厅2卫,106370
2010,231,丰台,低层(共10层),大成郡,3室2厅2卫,65800
2011,165,朝阳,中层(共22层),珠江罗马嘉园(东区),3室2厅2卫,69390
2000,102,怀柔,高层(共6层),东关二区,3室2厅1卫,35294
2007,174,朝阳,高层(共26层),上京新航线,3室2厅2卫,86068
2011,99,海淀,高层(共6层),宝盛里观林园,2室1厅1卫,85867
2004,109,石景山,低层(共6层),西山枫林,3室1厅2卫,49315
2013,85,昌平,中层(共9层),新郝家园,2室1厅1卫,21764
2010,85,东城,高层(共12层),华龙美晟,2室1厅1卫,77401
2016,89,北京周边,中层(共28层),潮白河孔雀城榕枫园,2室2厅1卫,15730
2008,519,海淀,低层(共21层),缘溪堂,4室2厅6卫,96262
2014,98,大兴,中层(共27层),龙湖时代天街东区,3室2厅1卫,46428
2007,117,房山,中层(共16层),碧桂园(三期),3室1厅1卫,30601
2008,46,朝阳,低层(共21层),北京香颂,1室1厅1卫,76153
2014,95,昌平,中层(共18层),首开国风美唐朗观,2室1厅1卫,59610
2015,65,朝阳,中层(共20层),华瀚福园(D区),2室1厅1卫,29230
2016,85,北京周边,中层(共28层),福泰花园(西区),2室2厅1卫,15294
2003,75,密云,中层(共6层),长安小区西区,2室1厅1卫,26666
1989,154,朝阳,高层(共14层),华侨村,4室1厅2卫,71289
2009,85,北京周边,高层(共24层),潮白人家,2室1厅1卫,24705
1990,65,西城,低层(共7层),爱民里小区,3室1厅1卫,145482
2003,56,东城,低层(共17层),新景家园东区,1室1厅1卫,101969
2015,241,大兴,共4层,枫丹壹号,4室2厅4卫,72614
2014,82,北京周边,中层(共33层),燕达首尔国际村,2室2厅1卫,14146
1999,95,海淀,高层(共6层),中科院中关村东南小区,3室1厅1卫,149884
2008,51,丰台,低层(共20层),星河苑2号院,1室1厅1卫,68212
2004,75,丰台,高层(共6层),建欣苑五里,2室1厅1卫,54492
2005,131,丰台,低层(共15层),彩虹城二区,3室1厅2卫,64890
1993,71,昌平,低层(共6层),南厂住宅西区,3室2厅1卫,26056
2000,281,朝阳,低层(共22层),丽晶苑,3室2厅2卫,56227
2007,140,石景山,低层(共18层),雍景天成,4室2厅2卫,60714
2010,32,通州,低层(共6层),小堡村当代艺术园综合楼,1室1厅1卫,15625
2016,502,通州,共2层,泰禾红御,5室3厅5卫,149994
2010,69,朝阳,低层(共20层),康惠园一号院,2室1厅1卫,37536
2006,64,朝阳,低层(共18层),后现代城B区,1室1厅1卫,70312
2012,91,房山,中层(共6层),原香小镇(二区),2室1厅1卫,38461
2002,156,海淀,高层(共6层),上地西里雅芳园,3室2厅2卫,83333
1993,142,朝阳,中层(共6层),建外三道街小区,4室1厅1卫,66901
1993,40,石景山,高层(共6层),永乐小区,1室1厅1卫,53715
2011,66,朝阳,低层(共17层),中弘北京像素北区,3室1厅2卫,40909
1994,61,朝阳,中层(共6层),北平里,2室1厅1卫,43866
2006,93,丰台,高层(共29层),三环新城7号院,2室1厅1卫,53655
2005,75,朝阳,低层(共6层),双桥小区,2室1厅1卫,44000
1994,58,朝阳,中层(共12层),秀水园小区,2室1厅1卫,62026
2007,138,朝阳,中层(共31层),翌景嘉园,2室2厅2卫,54901
1990,68,朝阳,低层(共6层),光熙门北里,3室1厅1卫,76776
2005,55,东城,中层(共18层),西营房胡同9号院,1室1厅1卫,87174
2003,323,朝阳,高层(共35层),公园大道,5室2厅4卫,92647
2017,372,顺义,共4层,鲁能7号别墅,4室3厅4卫,35127
2014,125,北京周边,中层(共24层),首尔甜城,3室2厅1卫,21600
2000,98,西城,低层(共6层),三里河三区,3室2厅2卫,102040
1995,93,海淀,中层(共20层),稻香园小区,2室1厅1卫,89743
1996,96,丰台,中层(共30层),芳城园一区,2室2厅1卫,66237
1992,40,房山,低层(共6层),羊耳峪里,2室1厅1卫,29500
2000,84,海淀,低层(共7层),上地南路6号院,2室1厅1卫,76190
2009,61,昌平,高层(共22层),北京北,1室1厅1卫,63156
2000,144,海淀,低层(共6层),万泉新新家园,3室2厅2卫,141868
1996,60,大兴,中层(共6层),天堂河北区,2室1厅1卫,33333
2004,124,昌平,高层(共6层),龙跃苑四区,3室1厅1卫,40247
2004,69,西城,高层(共28层),西豪逸景家园,2室1厅1卫,93695
2008,104,海淀,低层(共26层),澐澐国际,2室1厅2卫,64855
2000,89,昌平,中层(共6层),昌盛园一区,3室1厅1卫,42453
2003,61,石景山,高层(共24层),时代庐峰小区,1室1厅1卫,55737
2018,131,房山,共3层,一渡青青小镇(别墅),3室3厅3卫,27480
2005,134,朝阳,共5层,扬州水乡,3室1厅2卫,54477
2017,77,北京周边,低层(共32层),燕达首尔国际村,2室1厅1卫,14675
2008,457,朝阳,高层(共11层),九号公寓,5室2厅2卫,65537
2015,79,北京周边,高层(共28层),潮白河孔雀城紫藤园,2室2厅1卫,16708
2006,100,朝阳,中层(共18层),华侨城,2室1厅1卫,74678
1986,71,朝阳,高层(共6层),慈云寺小区,3室1厅1卫,55780
1996,61,顺义,高层(共6层),滨河小区,2室1厅1卫,37049
2017,135,门头沟,高层(共22层),西山燕庐,3室2厅2卫,53333
1992,60,海淀,低层(共7层),普惠南里,2室1厅1卫,86206
2001,71,海淀,中层(共6层),阳光南里,2室1厅1卫,70224
2006,96,朝阳,高层(共27层),国美第一城2号院,2室2厅2卫,66396
2013,85,密云,高层(共18层),涧桥山,2室2厅1卫,24352
2010,90,西城,中层(共23层),中信锦园,2室2厅1卫,143837
2005,48,朝阳,中层(共21层),晶都国际,1室1厅1卫,63615
2013,223,北京周边,共3层,潮白河孔雀城伯顿庄园(别墅),4室2厅3卫,23766
2009,60,北京周边,中层(共33层),纳丹堡,1室1厅1卫,21666
2000,87,昌平,中层(共6层),风雅园三区,2室1厅1卫,44166
2016,111,朝阳,中层(共16层),利锦府,2室1厅2卫,71466
1900,88,大兴,低层(共6层),一品嘉园东区,2室2厅1卫,27272
2002,85,朝阳,中层(共25层),欧陆大厦,1室1厅1卫,44941
1992,60,海淀,高层(共6层),志新村小区,2室1厅1卫,87748
2003,78,顺义,中层(共6层),双阳南区,2室1厅1卫,27437
2000,164,海淀,高层(共6层),宝盛里,4室3厅3卫,54823
2017,194,门头沟,低层(共13层),西山御园,4室2厅3卫,55670
2012,56,大兴,高层(共15层),蓝桥驿苑,1室1厅1卫,36607
1989,59,西城,低层(共12层),德胜门西大街64号小区,2室1厅1卫,104515
2008,276,朝阳,低层(共21层),泛海国际樱海园,4室2厅3卫,126811
2016,108,丰台,低层(共10层),泽信公馆,3室2厅2卫,74074
2009,87,昌平,中层(共28层),金隅万科城,2室1厅1卫,44129
2004,161,海淀,高层(共13层),春荫园,3室2厅2卫,98136
2016,125,北京周边,共2层,路劲国际城,4室2厅1卫,21600
2018,126,丰台,中层(共10层),泽信公馆,3室2厅2卫,73015
2017,79,北京周边,中层(共28层),巨富九璟湾,2室2厅1卫,13670
1980,45,东城,低层(共6层),定安里,2室1厅1卫,70898
2001,279,顺义,共2层,丽斯花园别墅,5室2厅5卫,71684
2010,50,朝阳,中层(共13层),中弘北京像素北区,2室1厅2卫,42000
2001,72,朝阳,低层(共20层),驼房营南里,2室1厅1卫,58011
2016,88,北京周边,高层(共18层),荣盛阿尔卡迪亚霸州温泉城,3室1厅1卫,15340
2010,78,房山,低层(共14层),西棕榈滩,2室1厅1卫,31794
2004,93,丰台,中层(共19层),博龙家园,2室1厅1卫,52931
2005,195,东城,中层(共31层),金桥国际公寓,4室2厅3卫,84952
2012,1240,朝阳,共5层,远洋LAVIE,7室3厅7卫,149193
2013,50,朝阳,高层(共16层),利泽西园,1室1厅1卫,66000
2003,106,昌平,低层(共6层),龙跃苑三区,2室1厅1卫,44931
1989,36,海淀,低层(共6层),蓟门里北区,1室1厅1卫,99722
2001,403,朝阳,共3层,紫玉山庄,4室4厅7卫,148617
1992,63,西城,中层(共18层),马甸南村,2室1厅1卫,123417
2006,57,密云,共4层,麓秀佳园,2室1厅1卫,18421
2005,87,密云,中层(共18层),涧桥山,2室2厅1卫,26974
2004,60,房山,高层(共6层),山水汇豪苑(南区),1室1厅1卫,28333
2009,60,海淀,低层(共27层),强佑清河新城,1室1厅1卫,60756
2018,70,北京周边,中层(共30层),燕达首尔国际村,2室1厅1卫,18285
2015,41,房山,共5层,长阳半岛中央城,2室1厅1卫,26829
2005,120,房山,中层(共6层),田家园小区,3室2厅1卫,21250
2005,442,朝阳,共3层,亚运新新家园(别墅),5室3厅5卫,84819
2008,124,昌平,中层(共6层),北京太阳城,2室2厅2卫,32258
1986,58,西城,低层(共11层),东新开胡同甲31号院,2室1厅1卫,118760
2004,157,大兴,高层(共8层),金地格林小镇,3室2厅2卫,58618
2013,130,昌平,中层(共8层),金色漫香苑,3室2厅2卫,44461
1996,74,大兴,高层(共6层),福苑小区,2室1厅1卫,33346
2017,80,北京周边,中层(共18层),大运河孔雀城,2室2厅1卫,11250
2000,117,大兴,低层(共10层),兴华园,3室2厅2卫,40047
2012,122,昌平,低层(共28层),金隅万科城,3室1厅2卫,40573
2004,139,密云,中层(共19层),密东广场,3室2厅2卫,25899
2009,78,北京周边,低层(共15层),纳丹堡,2室2厅1卫,21794
2013,97,北京周边,中层(共27层),潮白河孔雀城英国宫香醍园东区,3室2厅1卫,13866
1991,44,海淀,中层(共6层),双榆树北里,1室1厅1卫,79545
2000,182,朝阳,高层(共41层),SOHO现代城,2室1厅1卫,44505
2001,72,海淀,高层(共6层),玉海园二里,2室1厅1卫,74680
2001,96,昌平,低层(共18层),天通苑东一区,2室1厅1卫,38900
1986,61,房山,中层(共6层),迎风四里,2室1厅1卫,19672
2016,97,北京周边,中层(共33层),鸿坤理想尔湾(公寓),3室2厅1卫,13917
2017,125,北京周边,共2层,阳光城,3室2厅1卫,22000
2017,40,房山,中层(共13层),长阳半岛中央城,1室1厅1卫,29000
2012,68,密云,高层(共18层),涧桥山,2室1厅1卫,28542
2013,35,通州,共5层,兴达公寓,1室1厅1卫,28571
2003,308,朝阳,低层(共7层),亚运新新家园,4室2厅4卫,84415
2001,60,朝阳,中层(共28层),通惠家园惠民园,1室1厅1卫,61666
2015,88,房山,中层(共18层),首创新悦都,3室1厅1卫,42613
2013,220,朝阳,高层(共22层),太阳公元,4室2厅3卫,145409
2017,89,北京周边,低层(共22层),潮白家园三期,3室2厅1卫,14494
2001,113,顺义,中层(共6层),双兴南区,3室1厅2卫,37168
2008,515,昌平,共3层,麦卡伦地,5室4厅5卫,32233
2008,404,昌平,共4层,保利垄上,4室2厅5卫,41584
2012,379,朝阳,共3层,润泽庄园,5室3厅4卫,87018
1996,58,东城,中层(共6层),和平里三区,2室1厅1卫,108547
1992,70,海淀,低层(共6层),二里庄小区,3室1厅1卫,96728
2017,187,朝阳,高层(共23层),天鹅湾北区,3室2厅2卫,90454
2015,58,丰台,低层(共28层),亚林西居住区,2室1厅1卫,59482
1995,60,朝阳,高层(共6层),育慧里二区,2室1厅1卫,73178
2002,67,丰台,中层(共16层),鹏润家园,2室1厅1卫,61956
2010,226,昌平,共2层,保利垄上,4室3厅2卫,46460
2005,66,昌平,中层(共6层),佳运园一区,1室1厅1卫,56340
2011,73,海淀,共10层,雅世合金公寓,2室1厅1卫,86986
2004,120,密云,高层(共6层),檀城东区,3室2厅2卫,22255
2004,142,朝阳,中层(共32层),东恒时代(一期),3室2厅2卫,65492
2013,169,朝阳,低层(共25层),红玺台,3室2厅2卫,159704
1993,84,丰台,中层(共25层),洋桥西里,3室1厅1卫,59551
2001,117,海淀,低层(共27层),颐源居,2室2厅2卫,106782
2010,88,房山,高层(共10层),原香小镇(一区),2室1厅1卫,38614
2000,359,昌平,共3层,碧水庄园,5室2厅5卫,100166
2015,57,北京周边,中层(共29层),首尔甜城,1室1厅1卫,25438
2008,85,昌平,中层(共26层),金隅万科城,2室1厅1卫,44882
2017,117,丰台,高层(共14层),金府大院,3室2厅2卫,69829
2005,109,密云,中层(共6层),学府花园,3室2厅2卫,25229
2005,120,丰台,低层(共21层),珠江峰景,3室2厅2卫,54103
1992,53,西城,低层(共6层),德胜里一区,2室1厅1卫,130841
2014,146,大兴,中层(共18层),龙湖时代天街东区,3室2厅1卫,45890
2014,117,朝阳,高层(共18层),保利中央公园,3室2厅2卫,136752
1997,202,朝阳,中层(共19层),联宝公寓,3室1厅2卫,79070
1982,57,朝阳,共5层,新源街小区,3室1厅1卫,74235
2004,175,顺义,共3层,水木兰亭花园,4室2厅2卫,62857
2000,97,朝阳,中层(共6层),望京西园一区,2室1厅1卫,61509
2004,340,大兴,共2层,Dearvilla,4室2厅3卫,82176
2007,96,通州,中层(共17层),新城阳光,2室1厅1卫,46704
1990,71,丰台,高层(共18层),刘家窑东里,2室1厅1卫,50563
2004,108,密云,低层(共6层),沿湖小区,3室2厅2卫,25740
2011,89,昌平,低层(共6层),望都新地南区,2室1厅1卫,37560
2006,125,朝阳,高层(共22层),澳洲康都,3室2厅2卫,83672
2016,83,朝阳,高层(共29层),青荷里南山园,2室1厅1卫,31325
1995,63,朝阳,高层(共6层),京通苑阳光华苑,2室2厅1卫,48780
2001,119,朝阳,低层(共25层),华腾园,3室2厅2卫,65888
2006,170,朝阳,中层(共8层),天月园,3室2厅2卫,99467
2015,88,顺义,低层(共11层),浅山香邑,2室1厅1卫,26704
2008,71,西城,低层(共26层),丽水莲花1号院,1室1厅1卫,100911
1995,55,东城,高层(共17层),培新街乙5号院,1室1厅1卫,99728
2004,247,东城,高层(共17层),海晟名苑(北区),4室2厅4卫,125050
2006,309,朝阳,中层(共18层),畅园(星河湾),3室2厅4卫,80906
2009,293,顺义,共3层,誉天下,4室3厅6卫,52901
1984,68,石景山,低层(共6层),八角北路社区,3室1厅1卫,53245
2018,110,门头沟,中层(共9层),中骏西山天璟,3室2厅1卫,59090
1990,53,海淀,高层(共7层),会城门小区,2室1厅1卫,77238
2000,94,北京周边,共1层,潮白人家,2室2厅1卫,23404
2012,67,房山,高层(共6层),山水汇豪苑(南区),2室1厅1卫,27274
1983,67,朝阳,中层(共6层),武圣西里,3室1厅1卫,58927
2008,330,顺义,共3层,纳帕尔湾,4室3厅4卫,34848
2005,66,大兴,高层(共18层),东晶国际公寓,1室1厅1卫,48127
1999,68,大兴,中层(共6层),德茂小区,3室1厅1卫,43522
2010,249,昌平,共4层,北京湾,4室2厅3卫,32128
1984,61,朝阳,高层(共6层),金台里,2室1厅1卫,78277
2015,57,房山,中层(共14层),绿地诺亚方舟,1室1厅1卫,21929
1996,85,海淀,中层(共6层),兰园小区,2室1厅1卫,65874
1996,87,朝阳,低层(共18层),农光东里,2室1厅1卫,49425
2014,109,北京周边,中层(共28层),潮白河孔雀城紫藤园,4室2厅2卫,16513
2000,216,朝阳,中层(共32层),东湖湾(西区),4室2厅3卫,101457
2003,293,朝阳,高层(共35层),公园大道,4室2厅3卫,92116
1982,57,海淀,共4层,阜北社区,2室1厅1卫,90782
2010,261,朝阳,共3层,江南山水(别墅),4室2厅3卫,42145
2011,89,通州,低层(共21层),融科香雪兰溪,3室1厅1卫,39145
2013,78,大兴,高层(共11层),林肯公寓,3室2厅3卫,53846
2008,360,顺义,共3层,澳景园,5室3厅5卫,33333
1997,76,房山,中层(共6层),燕化星城健德二里,2室1厅1卫,24911
2000,142,昌平,低层(共14层),天通苑北一区,3室2厅2卫,34082
2017,185,大兴,共5层,一栋洋房,4室2厅3卫,45945
2011,91,海淀,低层(共32层),唐宁ONE,2室2厅1卫,120879
2007,110,朝阳,中层(共26层),茉藜园,2室2厅2卫,50500
2012,60,朝阳,低层(共14层),中弘北京像素北区,2室1厅2卫,40000
2007,59,西城,中层(共26层),丰侨公寓,1室1厅1卫,186440
2012,110,昌平,低层(共9层),五福家园,2室1厅1卫,14545
2009,249,海淀,共5层,专家国际花园,4室2厅3卫,64257
2013,119,门头沟,低层(共27层),梧桐苑栖凤园,3室2厅2卫,45798
2012,88,房山,高层(共17层),首创新悦都,3室2厅1卫,38245
2010,497,东城,中层(共7层),霞公府,4室2厅3卫,128979
1994,84,丰台,中层(共25层),太平桥东里小区,3室1厅1卫,65227
2014,89,房山,高层(共18层),北京城建琨廷,2室2厅1卫,25842
2016,78,北京周边,高层(共17层),铂悦山,2室1厅1卫,10000
1996,104,通州,高层(共6层),四海公寓,3室2厅1卫,28653
1988,68,大兴,中层(共6层),德茂小区,2室1厅1卫,42071
1996,59,海淀,中层(共7层),建材城东一里,2室1厅1卫,55917
2005,93,丰台,中层(共28层),丰体时代,2室1厅1卫,48226
2014,144,门头沟,共11层,丽景长安,4室2厅2卫,50000
2003,60,大兴,共5层,宣颐家园,3室1厅1卫,69256
2017,240,昌平,共4层,泰禾昌平拾景园(别墅),5室3厅4卫,40416
1996,93,丰台,中层(共28层),芳城园一区,2室1厅1卫,62903
1994,55,西城,中层(共12层),铁二区(东区),1室1厅1卫,109945
1996,72,朝阳,中层(共23层),农光里小区,2室1厅1卫,59961
2008,120,房山,低层(共15层),山水汇豪苑(南区),3室2厅1卫,29009
2013,181,大兴,共4层,恒盛波尔多小镇,5室3厅2卫,28729
1998,59,朝阳,低层(共6层),望京西园一区,1室1厅1卫,67059
2000,1424,朝阳,共3层,财富公馆,5室3厅4卫,56138
2003,650,顺义,共3层,莱蒙湖,5室3厅5卫,49230
2002,107,海淀,中层(共26层),太阳园,2室2厅1卫,109961
2005,96,朝阳,低层(共28层),万科星园,2室1厅1卫,83617
2004,178,海淀,高层(共19层),西屋国际公寓,3室2厅2卫,72788
1995,57,丰台,低层(共6层),角门东里小区,2室1厅1卫,60104
2018,105,北京周边,高层(共28层),福泰花园(西区),3室2厅2卫,15238
2008,126,朝阳,高层(共18层),华纺易城,3室1厅2卫,75027
2010,92,昌平,低层(共6层),北京风景,2室1厅1卫,44565
2017,30,昌平,中层(共6层),安泰公寓,1室0厅1卫,16666
2005,149,海淀,低层(共19层),光大水墨风景,3室2厅1卫,158761
2008,65,海淀,中层(共22层),强佑清河新城,2室1厅1卫,66231
2000,86,昌平,低层(共6层),珺璟家园,2室1厅1卫,39470
2012,89,大兴,高层(共20层),新里西斯莱公馆,3室1厅1卫,58335
2008,165,朝阳,低层(共21层),泛海国际兰海园,2室1厅2卫,124046
2000,75,海淀,高层(共7层),安宁里(北区),2室1厅1卫,58408
2006,115,昌平,高层(共8层),新龙城,3室1厅2卫,52227
2018,88,北京周边,中层(共18层),莱茵佳苑东区,2室1厅1卫,13181
2003,87,昌平,中层(共6层),北亚花园,2室1厅1卫,37593
2008,97,西城,中层(共26层),丰侨公寓,2室2厅1卫,190721
2008,892,海淀,共3层,龙湖颐和原著,5室5厅6卫,99588
1988,57,朝阳,低层(共6层),管庄西里,2室1厅1卫,47976
2010,83,朝阳,高层(共12层),保利嘉园3号院,2室1厅1卫,49237
2003,76,东城,中层(共18层),新景家园西区,2室1厅1卫,102000
2002,92,大兴,中层(共6层),宣颐家园,2室1厅1卫,49692
1995,55,东城,高层(共17层),培新街乙5号院,1室1厅1卫,99728
2004,125,房山,中层(共6层),鸿顺园西区,3室2厅2卫,28800
2012,422,密云,地下(共3层),君山别墅,5室3厅4卫,28436
2007,48,朝阳,高层(共16层),茉藜园,1室1厅1卫,61257
2017,226,大兴,中层(共16层),中冶德贤公馆,4室2厅3卫,69911
2008,264,朝阳,中层(共9层),凤凰城,3室2厅2卫,142386
1999,88,昌平,中层(共6层),西湖新村,2室1厅1卫,36931
2017,70,延庆,中层(共9层),城建万科城,1室2厅1卫,25571
2018,110,朝阳,低层(共27层),鸿博家园二期C区,3室1厅1卫,30454
2010,101,朝阳,中层(共21层),远洋新干线,2室1厅1卫,74803
2005,141,海淀,共5层,颐慧佳园,3室2厅2卫,118610
2003,308,昌平,共1层,流星花园一区,4室2厅4卫,51162
2009,300,朝阳,中层(共18层),融科橄榄城(三期),4室3厅3卫,93933
2014,86,北京周边,中层(共28层),巨富九璟湾,3室2厅1卫,13953
2015,94,北京周边,高层(共11层),九里香堤,3室1厅1卫,30851
2013,121,昌平,中层(共28层),金隅万科城,3室2厅2卫,45454
2001,404,朝阳,共3层,紫玉山庄,4室3厅6卫,148514
2010,231,朝阳,高层(共21层),泛海国际兰海园,3室2厅3卫,134199
2003,345,朝阳,地下(共2层),大湖山庄,5室3厅4卫,79610
1993,62,丰台,高层(共6层),马家堡路33号院,2室1厅1卫,55891
2006,116,房山,中层(共6层),水墨林溪,3室2厅1卫,20689
2003,295,海淀,共2层,西山美墅馆,4室2厅2卫,108440
2011,165,朝阳,中层(共22层),珠江罗马嘉园(东区),3室2厅2卫,69390
2010,243,朝阳,中层(共24层),四季世家,3室2厅2卫,106370
2005,477,朝阳,地下(共2层),大湖山庄,5室3厅5卫,79614
2010,85,东城,高层(共12层),华龙美晟,2室1厅1卫,77401
2003,86,东城,低层(共18层),幸福家园(一期),2室2厅1卫,101887
2006,70,海淀,高层(共7层),瑞新里小区,1室1厅1卫,101766
2004,99,朝阳,高层(共21层),朝阳无限芳菁苑,2室1厅1卫,59708
2010,231,丰台,低层(共10层),大成郡,3室2厅2卫,65800
2009,159,海淀,中层(共23层),富力桃园(A区),3室2厅2卫,69182
2012,110,海淀,高层(共35层),海淀九号,2室1厅2卫,81697
2015,140,朝阳,高层(共27层),林奥嘉园,3室2厅2卫,50000
2013,1926,朝阳,地下(共3层),远洋LAVIE,6室3厅6卫,128764
2004,109,昌平,中层(共6层),名佳花园(三区),2室1厅2卫,36330
1995,42,朝阳,中层(共6层),望京路3号院,1室1厅1卫,77830
2012,121,海淀,共5层,领秀硅谷3区,3室2厅1卫,82243
2014,155,顺义,低层(共6层),泰禾北京院子(别墅),4室2厅4卫,93548
2009,77,北京周边,高层(共28层),福城上上城五期,2室2厅1卫,17532
2017,150,丰台,中层(共13层),华润昆仑域,4室2厅3卫,80000
1990,64,海淀,中层(共6层),翠微中里,2室1厅1卫,96899
1994,64,顺义,低层(共6层),幸福东区,2室1厅1卫,39843
1999,132,海淀,中层(共6层),上地西里雅芳园,3室2厅2卫,89393
2004,127,通州,低层(共20层),中建二局家属楼,3室2厅1卫,43002
2008,107,朝阳,低层(共25层),光熙家园,2室1厅1卫,88257
2000,101,丰台,高层(共22层),庄维花园,2室1厅1卫,54011
2004,115,朝阳,高层(共23层),朝阳无限芳菁苑,2室2厅2卫,56179
2000,195,顺义,共3层,名都园(别墅),4室3厅4卫,83076
1996,116,丰台,高层(共6层),前泥洼二区,3室1厅2卫,61937
2015,57,顺义,共2层,北京方糖,1室1厅1卫,41052
2005,73,朝阳,中层(共18层),炫特区,1室1厅1卫,63048
2009,221,朝阳,高层(共26层),SOHO北京公馆,2室2厅2卫,112897
2009,91,大兴,低层(共24层),林肯公园A区,2室1厅1卫,67648
2013,132,房山,低层(共12层),绿地新都会,4室2厅2卫,44696
2013,300,朝阳,共4层,鸿坤花语墅,4室2厅3卫,93300
2012,129,西城,中层(共23层),中信沁园,3室2厅2卫,168682
2010,113,石景山,高层(共21层),雍景四季,2室1厅1卫,57887
2012,94,朝阳,低层(共21层),绿城北京诚园,2室1厅1卫,106382
2010,145,房山,低层(共14层),加州水郡(西区),3室2厅2卫,28965
2005,107,朝阳,中层(共13层),首开国风北京,2室2厅2卫,88785
2008,157,朝阳,中层(共26层),富力城D区,3室1厅2卫,101910
2004,117,朝阳,中层(共30层),远洋天地,2室2厅2卫,70566
1990,52,房山,高层(共6层),杏花西里,2室1厅1卫,18269
2009,87,石景山,低层(共22层),远洋沁山水,2室1厅1卫,87086
1988,63,石景山,低层(共6层),模式口西里,2室1厅1卫,42543
2015,165,房山,中层(共6层),北潞馨家园,4室2厅2卫,31030
1982,48,石景山,高层(共6层),八角北路社区,2室1厅1卫,54459
2002,125,朝阳,高层(共12层),怡景园,2室1厅1卫,69318
2015,325,房山,共3层,徜徉墅(别墅),5室2厅3卫,70153
2013,88,丰台,低层(共24层),正邦嘉园(二期),2室2厅1卫,45000
2007,103,昌平,中层(共6层),天通中苑(38-51号楼),2室1厅2卫,42598
2006,46,通州,低层(共7层),高楼金第,2室1厅1卫,21739
2003,74,昌平,高层(共24层),新康园南区,2室1厅1卫,58783
2000,135,朝阳,中层(共28层),圣馨大地家园,3室2厅2卫,69481
2013,97,北京周边,高层(共11层),九里香堤,3室2厅1卫,26288
2013,47,昌平,高层(共11层),紫金新干线一区,1室1厅1卫,69148
2002,126,丰台,高层(共11层),城南嘉园益城园,3室2厅2卫,64219
2011,110,密云,共4层,首创澜茵山,3室2厅2卫,22727
2005,139,朝阳,中层(共30层),珠江帝景B区,3室2厅2卫,86330
2014,138,昌平,中层(共6层),望都新地北区,3室2厅2卫,40579
2006,420,昌平,共3层,麦卡伦地,5室3厅3卫,32380
2013,88,昌平,中层(共14层),金隅观澜时代,2室1厅1卫,47727
1992,62,朝阳,高层(共6层),甜水园东里,2室1厅1卫,61513
1993,65,门头沟,中层(共6层),新桥小区,2室1厅1卫,38133
2017,84,北京周边,低层(共11层),诺丁山公馆,2室2厅1卫,11785
2012,157,通州,低层(共29层),运河湾北区,3室2厅2卫,62234
2015,645,朝阳,共2层,中粮瑞府,4室3厅4卫,105426
2010,1054,顺义,共3层,丽宫别墅,5室3厅6卫,84326
2012,294,顺义,共3层,龙湖香醍溪岸,5室2厅2卫,42517
2016,75,延庆,中层(共9层),城建万科城,2室1厅1卫,22400
2010,87,房山,低层(共15层),加州水郡(西区),2室1厅1卫,34218
2002,139,昌平,低层(共6层),宁馨苑,3室2厅2卫,35611
2003,98,密云,中层(共6层),沿湖小区,3室2厅2卫,25534
1992,57,朝阳,低层(共6层),石佛营东里105号院,2室1厅1卫,64561
2004,88,西城,高层(共24层),常青藤嘉园,2室1厅1卫,85682
2015,88,北京周边,低层(共33层),嘉都国际,2室2厅1卫,15909
2000,261,昌平,高层(共6层),龙城花园,4室3厅4卫,55423
2007,216,海淀,低层(共19层),主语家园,3室2厅3卫,119444
2006,75,房山,低层(共6层),山水汇豪苑(南区),2室2厅1卫,26666
2002,85,大兴,低层(共11层),华昱家园,2室1厅1卫,46728
2005,100,昌平,中层(共12层),天通苑北一区,2室1厅1卫,43352
1996,90,房山,中层(共6层),建华北里,2室1厅1卫,27777
2015,84,通州,低层(共20层),富力尚悦居,2室1厅1卫,36009
1992,56,昌平,高层(共6层),石坊院小区,2室1厅1卫,40178
2001,130,朝阳,高层(共18层),康堡财富堡座,2室2厅2卫,75384
2004,133,东城,中层(共16层),左安漪园,3室2厅2卫,112443
1995,45,海淀,低层(共7层),永泰东里,1室1厅1卫,76804
1994,75,顺义,低层(共6层),滨河小区,1室1厅1卫,36400
2005,148,朝阳,低层(共12层),万象新天家园,3室2厅2卫,55742
2000,42,朝阳,中层(共6层),幸福二村,1室1厅1卫,75542
1997,164,朝阳,低层(共28层),罗马花园,3室2厅2卫,48697
2015,92,北京周边,中层(共6层),福泰花园(西区),3室2厅1卫,14673
2018,245,通州,地下(共4层),泰禾拾景园,4室2厅3卫,44897
2014,290,朝阳,高层(共29层),远洋万和公馆,4室3厅3卫,132724
1992,57,朝阳,中层(共6层),安慧里一区,2室1厅1卫,72807
2006,297,朝阳,低层(共8层),山水文园中园,4室2厅3卫,95959
2017,37,昌平,中层(共6层),朱辛庄北区,1室1厅1卫,27027
2008,158,朝阳,高层(共22层),水星园,3室2厅2卫,100000
2013,187,朝阳,高层(共18层),臻园,4室2厅2卫,112245
2011,65,海淀,中层(共10层),三嘉信苑,2室1厅1卫,38769
2013,127,朝阳,高层(共22层),太阳公元,3室2厅2卫,142913
2013,48,昌平,低层(共10层),琥珀郡,1室1厅1卫,25416
2009,78,大兴,中层(共6层),三羊里,2室1厅1卫,39102
2017,55,朝阳,中层(共15层),悠乐汇,2室1厅2卫,46545
2017,170,平谷,共3层,平谷山水放歌别墅,3室2厅3卫,10000
2006,130,朝阳,中层(共19层),富力城B区,3室2厅2卫,109961
2002,94,丰台,高层(共25层),紫芳园一区,3室2厅2卫,64893
1998,58,昌平,中层(共6层),龙华园,1室1厅1卫,49513
2004,135,昌平,高层(共9层),蓝郡国际花园,3室2厅2卫,46666
2015,85,密云,高层(共18层),涧桥山,2室2厅1卫,24117
2008,91,顺义,高层(共18层),绿港家园3区,3室2厅1卫,47556
2005,98,石景山,高层(共28层),远洋山水北区,2室1厅1卫,71167
2009,125,顺义,高层(共11层),泰和宜园,3室2厅2卫,36624
2017,102,北京周边,中层(共6层),新绎上水颐园,3室2厅1卫,14705
2017,76,北京周边,中层(共18层),八达岭孔雀城(公寓),2室2厅1卫,11973
2010,102,密云,中层(共21层),世纪家园,2室2厅1卫,25000
2005,59,石景山,低层(共6层),翠谷玉景苑,2室1厅1卫,59322
2000,61,昌平,共5层,兴隆小区,2室1厅1卫,25409
2009,117,房山,中层(共6层),水墨林溪,3室2厅1卫,20512
2008,65,海淀,中层(共22层),强佑清河新城,2室1厅1卫,63800
1995,63,朝阳,中层(共6层),平乐园小区,2室1厅1卫,55555
2000,77,大兴,高层(共6层),星瑞家园,2室1厅1卫,42857
2003,117,丰台,中层(共26层),首科花园,3室2厅1卫,66433
2005,238,西城,中层(共8层),西城晶华,4室2厅4卫,205916
2010,78,房山,低层(共14层),西棕榈滩,2室1厅1卫,30769
2007,59,朝阳,中层(共28层),国美第一城2号院,1室1厅1卫,64406
2018,40,通州,低层(共8层),东居时代小区,1室1厅1卫,15000
2010,142,朝阳,中层(共28层),悠唐麒麟公馆,2室2厅2卫,116197
2004,113,朝阳,中层(共32层),东恒时代(一期),2室1厅1卫,66960
2000,102,昌平,共5层,温泉花园(A区),3室2厅1卫,31142
2005,59,丰台,低层(共27层),慧时欣园,1室1厅1卫,66399
1979,38,朝阳,中层(共6层),劲松三区,1室1厅1卫,69394
2000,279,顺义,共2层,裕京花园,5室3厅3卫,86021
2016,176,丰台,中层(共20层),龙湖西宸原著,3室2厅3卫,119318
2005,126,丰台,中层(共27层),万年花城,3室1厅2卫,51987
2014,85,顺义,低层(共9层),鲁能7号院溪园,2室2厅1卫,40773
1983,59,西城,低层(共12层),德胜门外大街4号院,2室1厅1卫,105351
2007,55,朝阳,高层(共22层),金蝉南里,1室1厅1卫,56532
2018,89,房山,高层(共15层),理工睿府,3室2厅1卫,37078
2005,132,朝阳,中层(共17层),金港国际,3室2厅2卫,80000
2008,120,密云,低层(共15层),柏林山水,3室2厅2卫,29833
2014,236,朝阳,高层(共10层),山水文园东园,4室2厅3卫,101565
1994,83,昌平,共5层,鹿牌家园,3室1厅1卫,27108
2004,71,海淀,中层(共24层),中鑫嘉园,1室1厅1卫,82633
2005,314,海淀,高层(共6层),天秀花园古月园,6室3厅3卫,79733
2008,103,朝阳,低层(共27层),东恒时代(三期),3室1厅1卫,72212
1993,193,顺义,共3层,名都园,4室3厅3卫,75129
2003,84,密云,中层(共6层),檀州家园西区,2室2厅1卫,25677
2001,105,朝阳,高层(共6层),青年路小区,3室2厅2卫,57929
1998,58,昌平,高层(共6层),龙华园,2室1厅1卫,61123
2005,142,丰台,中层(共16层),首科花园,4室2厅2卫,68931
2004,106,石景山,高层(共22层),西现代城,3室1厅1卫,52902
1990,57,朝阳,低层(共6层),惠新里,2室1厅1卫,71778
2013,180,房山,高层(共6层),大宁山庄,4室3厅3卫,52777
2018,125,北京周边,共4层,路劲国际城,4室2厅2卫,22400
1995,75,朝阳,中层(共6层),松榆东里,3室1厅1卫,57969
2005,280,朝阳,共2层,观唐,4室3厅5卫,132107
2004,68,丰台,高层(共22层),三环新城6号院,1室1厅1卫,55959
2004,73,朝阳,高层(共14层),远洋天地,1室2厅1卫,78825
2012,277,房山,共3层,大宁山庄(别墅),5室3厅5卫,50541
2003,111,朝阳,高层(共6层),建东苑东区,3室2厅1卫,45617
2000,220,昌平,共2层,王府花园,4室1厅1卫,61363
2017,47,昌平,低层(共6层),五福家园,2室1厅1卫,14893
2000,80,北京周边,中层(共23层),桃源新都孔雀城,3室1厅1卫,9125
2012,128,顺义,高层(共18层),中铁花溪渡,3室1厅2卫,40684
2006,526,昌平,共3层,保利垄上,5室3厅3卫,32319
2011,290,海淀,中层(共6层),亿城西山华府禧园,4室2厅3卫,89620
2014,595,朝阳,低层(共20层),紫御华府,5室3厅4卫,90715
2005,146,海淀,低层(共26层),西钓鱼台嘉园,3室1厅2卫,103847
1994,46,朝阳,低层(共6层),康静里小区,1室1厅1卫,53260
2006,92,丰台,中层(共17层),四方景园三区,2室1厅1卫,62662
1985,57,海淀,共4层,车公庄西路35号院,2室1厅1卫,85263
2006,261,朝阳,高层(共36层),阳光上东,3室2厅3卫,89917
2007,186,朝阳,中层(共27层),嘉美风尚中心,4室2厅2卫,75268
2017,77,北京周边,低层(共28层),巨富九璟湾,2室2厅1卫,11688
2009,293,朝阳,中层(共31层),朗园(星河湾),4室2厅4卫,97269
2017,114,门头沟,高层(共21层),中骏西山天璟,3室2厅2卫,59649
2000,302,顺义,地下(共2层),美林香槟小镇,4室3厅4卫,48013
2004,122,朝阳,低层(共26层),富力城A区,3室2厅2卫,101783
2005,108,顺义,共6层,馨港庄园,2室2厅2卫,32616
2005,91,大兴,中层(共6层),蓝天花园,2室2厅1卫,26373
2010,95,昌平,高层(共6层),北京风景,2室1厅1卫,42105
2005,89,房山,中层(共6层),北潞冠家园,2室1厅1卫,29589
2009,85,房山,高层(共17层),加州水郡(西区),2室1厅1卫,35176
1996,91,海淀,低层(共16层),八里庄北里,3室1厅1卫,83333
2003,140,东城,高层(共10层),天天家园,3室2厅1卫,78064
2002,136,朝阳,中层(共9层),远洋天地,3室2厅2卫,83984
2012,180,北京周边,高层(共18层),普罗旺斯,4室1厅1卫,22222
2013,84,大兴,高层(共9层),首地浣溪谷,3室1厅1卫,44047
2004,144,东城,低层(共20层),华城滨河世家,3室2厅2卫,95349
2000,250,朝阳,共2层,京润水上花园,3室2厅3卫,119561
1990,66,海淀,中层(共11层),北蜂窝路22号院,2室1厅1卫,83939
2013,89,通州,低层(共16层),首开国风美仑,3室1厅1卫,34831
2008,519,海淀,低层(共20层),缘溪堂,4室2厅6卫,96262
2000,162,朝阳,低层(共21层),珠江罗马嘉园(西区),3室2厅2卫,70782
2003,145,朝阳,低层(共26层),远洋天地,3室1厅2卫,72299
2006,130,顺义,中层(共15层),合景香悦四季(东区),3室2厅2卫,40769
2013,70,昌平,低层(共18层),宏福苑,1室1厅1卫,19285
1985,50,朝阳,中层(共6层),光熙门北里,2室1厅1卫,72000
1998,159,昌平,共5层,名流花园,4室2厅3卫,33639
1990,74,东城,低层(共12层),朝阳首府,2室1厅1卫,93539
2014,81,北京周边,中层(共26层),燕达首尔国际村,2室2厅2卫,12098
2004,80,昌平,低层(共6层),龙博苑三区,2室1厅1卫,48750
2000,58,海淀,低层(共9层),北影小区,1室1厅1卫,91222
2018,117,丰台,中层(共9层),珠江御景,3室2厅2卫,43589
2014,300,朝阳,低层(共33层),公园1872,4室2厅3卫,99717
1989,62,西城,高层(共16层),社科院机关宿舍楼,2室1厅1卫,109149
2016,59,北京周边,中层(共26层),香河花语城,2室1厅1卫,13220
2013,200,大兴,地下(共3层),金色漫香林(中区),4室3厅5卫,45000
1900,138,朝阳,中层(共30层),远洋天地,3室1厅2卫,75719
2000,43,东城,中层(共12层),崇文门东大街社区,1室1厅1卫,95802
2013,115,昌平,中层(共15层),珠江摩尔公元,4室1厅2卫,38434
2015,92,昌平,低层(共11层),紫金新干线二区,2室2厅1卫,50566
1996,63,丰台,中层(共14层),芳古园一区,2室1厅1卫,78988
1985,55,房山,高层(共6层),杏花西里,2室1厅1卫,23636
2006,108,朝阳,低层(共25层),乐成国际,2室1厅1卫,83333
2008,279,朝阳,共2层,观唐,5室3厅5卫,87813
2012,238,海淀,高层(共6层),西山壹号院南区,3室3厅2卫,111302
2006,64,房山,高层(共9层),芭蕾雨悦都(二期),3室1厅2卫,64671
2016,108,房山,高层(共19层),远洋新仕界,4室2厅2卫,37962
2003,229,朝阳,中层(共27层),海润国际公寓,4室1厅3卫,69868
2008,255,大兴,共3层,沿海丽水佳园,4室2厅3卫,47029
2004,140,海淀,中层(共9层),景宜里,3室1厅2卫,78459
1988,61,房山,低层(共6层),迎风六里一区,2室1厅1卫,21951
2001,103,丰台,低层(共30层),怡海花园,2室1厅1卫,59223
1990,61,昌平,中层(共6层),风雅园二区,1室1厅1卫,57940
2006,60,顺义,中层(共6层),胜利小区,2室1厅1卫,40833
2008,189,朝阳,低层(共16层),润枫水尚(东区),3室2厅2卫,83364
2015,83,北京周边,中层(共18层),孔雀城英国宫(境园逸园秀园爵园),2室2厅1卫,14939
2017,63,通州,中层(共8层),钻石空间,2室1厅1卫,14603
2006,216,顺义,共23层,中粮祥云,3室2厅1卫,60185
2006,135,房山,中层(共6层),原香小镇(一区),3室2厅2卫,39056
2016,81,北京周边,中层(共28层),燕达首尔国际村,2室1厅1卫,12716
2015,64,门头沟,中层(共20层),龙山家园1号院,2室1厅1卫,26718
1970,50,西城,共5层,天宁寺东里,2室1厅1卫,92410
1983,58,门头沟,中层(共6层),三家店新老宿舍,2室1厅1卫,31634
2002,148,丰台,低层(共22层),芳古园二区,3室2厅2卫,72585
1989,69,海淀,高层(共16层),复兴路46号院,3室1厅1卫,91119
2012,173,昌平,中层(共14层),招商嘉铭珑原,3室2厅2卫,86705
2005,383,朝阳,共3层,观唐,5室4厅6卫,99190
2009,378,朝阳,共3层,润泽庄园,5室3厅6卫,89808
1997,350,朝阳,共3层,香江花园,6室3厅5卫,78571
1992,71,海淀,低层(共16层),双榆树东里,3室1厅1卫,91420
2010,345,昌平,共3层,北街家园C区(别墅),5室2厅3卫,42898
2014,98,北京周边,高层(共27层),燕京航城,3室2厅1卫,23469
2004,207,朝阳,高层(共9层),山水文园西园,5室2厅4卫,89371
2010,88,昌平,低层(共17层),北街家园八区,2室1厅1卫,41007
1993,55,朝阳,低层(共6层),甘露园南里一区,2室1厅1卫,62859
1999,265,顺义,共2层,丽京花园,5室3厅4卫,90566
2017,39,平谷,高层(共14层),新华联YOYO悦城,1室1厅1卫,15641
2000,95,昌平,中层(共6层),昌盛园一区,3室1厅1卫,41578
2007,164,朝阳,低层(共22层),凯旋城,3室2厅2卫,97400
1990,63,朝阳,中层(共14层),和平街十一区,2室1厅1卫,76142
2017,78,北京周边,高层(共18层),花语城,2室2厅1卫,10256
2015,84,大兴,中层(共27层),保利春天里,2室1厅1卫,43565
2006,45,密云,高层(共12层),海怡庄园(西区),1室1厅1卫,28888
1998,127,昌平,共5层,名流花园,3室2厅2卫,35137
2013,40,北京周边,中层(共26层),首尔甜城,1室1厅1卫,13750
2017,168,顺义,共4层,春晖园随园,4室3厅5卫,40476
1991,107,朝阳,低层(共15层),汇园公寓,2室2厅1卫,68198
1997,240,朝阳,共1层,香江花园,4室3厅4卫,91666
2006,280,朝阳,共3层,观唐,5室3厅5卫,73571
2006,71,密云,共5层,云秀花园,1室2厅1卫,26056
2008,161,丰台,高层(共16层),紫芳园六区,3室2厅2卫,80725
2013,40,北京周边,中层(共33层),燕达首尔国际村,1室1厅1卫,12000
2004,140,昌平,高层(共6层),森林大第北区,3室2厅2卫,45940
2010,209,朝阳,共5层,京城雅居,4室2厅2卫,50239
2000,266,朝阳,共2层,香江花园,4室3厅3卫,75187
2006,206,海淀,低层(共9层),亿城西山华府禧园,4室2厅3卫,88641
2014,254,北京周边,共4层,潮白河孔雀城伯顿庄园,5室2厅4卫,22047
2017,633,昌平,共3层,北科建泰禾丽春湖院子,5室3厅5卫,45497
2008,89,朝阳,低层(共19层),富力又一城C区,2室1厅1卫,57445
2007,101,昌平,中层(共6层),龙锦苑东二区,2室2厅1卫,42427
2011,74,朝阳,低层(共27层),国风上观,1室2厅1卫,89189
2017,31,大兴,中层(共9层),荣京丽都,2室1厅1卫,22580
2005,125,朝阳,中层(共31层),博雅园,2室2厅2卫,83812
2008,112,丰台,高层(共12层),长安新城一区,3室2厅2卫,61160
2015,176,昌平,低层(共6层),泰禾昌平拾景园,4室3厅4卫,56459
2007,126,朝阳,中层(共22层),澳洲康都,3室2厅2卫,83333
1995,78,朝阳,中层(共6层),南新园小区,3室1厅1卫,57921
2002,148,丰台,低层(共22层),芳古园二区,3室2厅2卫,72585
1990,44,海淀,中层(共18层),塔院晴冬园,1室1厅1卫,87857
1988,60,海淀,高层(共18层),志强南园,2室1厅1卫,88333
1990,50,东城,中层(共6层),大羊宜宾胡同35号院,2室1厅1卫,68000
1994,53,朝阳,低层(共6层),金台里,2室1厅1卫,74335
1993,76,丰台,中层(共6层),育芳园,2室1厅1卫,49621
2014,598,朝阳,共2层,润泽御府,4室3厅3卫,111781
2012,458,朝阳,共3层,亚运新新家园(别墅),5室3厅6卫,108733
2003,168,朝阳,低层(共35层),公园大道,3室2厅2卫,92202
2007,310,顺义,共3层,龙湾别墅,4室2厅3卫,59677
2000,71,昌平,高层(共6层),天通苑本四区,1室1厅1卫,43338
1995,79,丰台,高层(共6层),西宏苑小区,2室1厅1卫,34994
2009,128,大兴,中层(共9层),康隆园(翡翠城五期),3室2厅2卫,59375
2008,572,海淀,共3层,香山清琴,5室3厅5卫,131118
2007,469,昌平,共2层,纳帕溪谷,3室2厅3卫,33049
2000,72,海淀,中层(共25层),吴家场铁路小区,2室1厅1卫,74305
1985,54,朝阳,低层(共16层),枣营南里,2室1厅1卫,70772
2009,90,昌平,低层(共22层),金隅万科城,2室2厅1卫,40960
2012,93,房山,低层(共9层),长阳半岛,3室2厅1卫,47969
2005,101,通州,低层(共18层),武夷花园月季园,2室2厅1卫,46904
2004,70,丰台,中层(共30层),怡海花园,1室1厅1卫,59285
1990,52,西城,高层(共24层),裕中西里,1室1厅1卫,142045
2005,83,昌平,低层(共18层),天通苑北一区,2室1厅1卫,32277
2003,56,西城,高层(共6层),教场口街6号院,1室1厅1卫,112270
2017,370,平谷,共3层,首城汇景湾(别墅),5室4厅5卫,25675
2016,312,朝阳,共3层,观唐,6室3厅6卫,112179
2017,99,北京周边,中层(共26层),鸿坤理想湾,3室2厅1卫,14545
2004,351,朝阳,共3层,亚运新新家园,5室2厅4卫,66951
2010,50,朝阳,高层(共29层),首开畅心园,1室1厅1卫,40259
2000,173,东城,高层(共14层),远洋德邑,4室2厅2卫,89136
1991,64,海淀,中层(共6层),田村39号院,2室1厅1卫,59375
2000,68,丰台,低层(共6层),富卓苑,2室1厅1卫,57874
2000,86,通州,高层(共27层),K2清水湾,2室1厅1卫,57517
2003,44,昌平,高层(共6层),燕平家园,1室1厅1卫,51136
2009,89,朝阳,低层(共21层),富力阳光美园,2室1厅1卫,50437
2001,171,东城,中层(共25层),阳光都市,3室2厅2卫,96491
2017,97,北京周边,高层(共18层),铂悦山,2室2厅1卫,10927
2018,88,北京周边,低层(共23层),潮白河孔雀城英国宫鸿祥苑,2室2厅1卫,15340
1991,65,朝阳,中层(共18层),三丰里,2室1厅1卫,84213
2006,58,朝阳,中层(共18层),华纺易城,1室1厅1卫,77253
2012,365,昌平,共1层,远洋傲北(别墅),5室3厅4卫,54246
2004,89,顺义,高层(共6层),三山新新家园,2室1厅1卫,42632
2005,98,房山,中层(共6层),金鑫苑小区,2室2厅1卫,22448
2002,215,朝阳,共4层,碧海方舟(别墅),3室1厅2卫,127064
2005,49,朝阳,高层(共32层),易构空间,1室1厅1卫,75142
2003,146,海淀,共5层,枫丹丽舍,3室2厅2卫,78767
2007,228,东城,高层(共24层),万国城MOMA,3室2厅3卫,117970
2012,83,昌平,低层(共11层),路劲世界城,2室1厅1卫,46385
2010,230,朝阳,高层(共26层),宝星华庭,4室2厅3卫,80434
2003,193,海淀,中层(共26层),人济山庄,4室2厅2卫,128849
1998,60,顺义,高层(共6层),石园东社区,2室1厅1卫,39166
2008,96,西城,高层(共26层),丽水莲花2号院,2室1厅1卫,84375
2017,127,房山,高层(共14层),中粮京西祥云,4室2厅2卫,52755
2000,134,西城,低层(共23层),远见名苑(一期),3室1厅1卫,89020
2003,65,丰台,高层(共24层),开阳里三区,1室1厅1卫,65359
2004,220,朝阳,低层(共6层),CLASS果岭里,4室2厅3卫,115909
2013,82,昌平,高层(共6层),宜山居,2室1厅1卫,35735
2003,152,昌平,低层(共32层),天通苑西三区,2室2厅1卫,32662
2014,93,房山,高层(共20层),中冶蓝城(东区),2室1厅1卫,24301
2009,85,北京周边,高层(共12层),潮白人家,2室2厅1卫,23529
2013,115,昌平,中层(共15层),珠江摩尔公元,4室1厅2卫,39130
1982,36,朝阳,高层(共6层),新源街小区,1室1厅1卫,81389
1994,44,海淀,高层(共18层),德胜门西大街7号院,1室1厅1卫,105760
2013,83,北京周边,高层(共27层),潮白河孔雀城英国宫(一期),2室2厅1卫,16867
2004,42,海淀,高层(共9层),碧森里,1室1厅1卫,76190
